"File","SHA1","Size"
"Vol 100 (Damaged).zip","40318ec211dc9723e12d1324c49daee809b6d515","60120993"
"Vol 103.zip","17298683777b50e38b66e6f05042cd84d8445ce0","23008653"
"Vol 104.zip","3914a53c7bf60fdd1232168fe2daf0b2f9fd4ce8","47733121"
"Vol 106.zip","1a2fc083b77f3fe3fd4af60654928c6aa812c421","67676400"
"Vol 108.zip","4d51e093b93496c683e80e74578e4c839588c4f9","39942004"
"Vol 109.zip","3b8b54ffcdd63fdfdbb4e1ed15823f5c675cb7c6","74575181"
"Vol 11.zip","14154b7afd7a8684bf8f8c74fd558c68091dc13e","131532782"
"Vol 110.zip","112fd4d343c0940de2f91f53b3c7608425efa34c","33280415"
"Vol 112.zip","92b3dffcd56f76e8d421ca16ff7dc8de1331d1c7","43458702"
"Vol 114.zip","a5578d6f2663e0a0c05e6e0e3eed6b5c64a87219","91689995"
"Vol 116.zip","b22fbcf51315936a88387880821e4de2a49ac613","58427103"
"Vol 117.zip","4d0aeeab882664570a03cc066bf27065cb6a3a75","47290762"
"Vol 119.zip","ae78abd3897b60640d15c5bb77dfe6e2924f27e0","57951982"
"Vol 12.zip","940043c0334bd16e8d73643405dcc03c3d706f32","86226115"
"Vol 120.zip","5d89e48ae00fbe0aa13bea833d39264bab2e91b0","36608607"
"Vol 122.zip","4a5dda329ac427ec9c0abaf68823c350a9a44292","52681609"
"Vol 123.zip","4564297a48341f1a604aa6ced2698c9f7ec720e7","32755861"
"Vol 125 (Damaged).zip","4154228f0043082963fd43ef80cc5ebcf2ba483e","33964229"
"Vol 127 (Damaged).zip","3182cee0d0cf62ff419b7b3116807e2edb98e54b","5587254"
"Vol 128 (Damaged).zip","633196a9e5ef5924129820c005e0369fe0f1e60b","15395798"
"Vol 129.zip","6ffcc9198ab1f1aa5dac973983057536ede0428d","74499879"
"Vol 130.zip","7b6a519bca1c2bd94fdb6827903f21b9c808036d","75082093"
"Vol 132.zip","85291a0260d998676a2ab8610e53af80e7e017d7","74773525"
"Vol 134.zip","a3d964bbd5c505784c60d51d54a7edd5a567c818","64595115"
"Vol 135.zip","177876c6186c1d0de05eda3c12e03053a631ee40","57096497"
"Vol 136.zip","e494e8c64ae7a89fbfc9c407354aa13287f8c4e4","68903890"
"Vol 138.zip","7e03b8c8dd4525367fac04885caa85d41985114e","30533448"
"Vol 139.zip","5f016b37737046fb7337bd52f1acb00aafdd771b","31076869"
"Vol 140.zip","7bd8a7ab82e4a2e490c1a71521b085b0362d5df2","66603960"
"Vol 141.zip","c3d92ad461d0550b742cdfaf0ab8d5e547e1afcd","89368417"
"Vol 142 (Damaged).zip","ff170290c5b7405870634a9dfe239535f610cb84","51447960"
"Vol 143.zip","1fafed7f8154dec30de120e4dc2ab8b8709be1f4","49403657"
"Vol 144.zip","70a50e793e0681cfae7eae040ad9f38e637a733e","135911122"
"Vol 145.zip","ab1809671e6fa4247f9a3a4737828c8e8f108a27","63367620"
"Vol 146.zip","b0d65ce98f2dc471a7b4b9d1578636ecbe3b744e","23806280"
"Vol 147.zip","84f71f0d5ca654ad587f5ba107176eada5841267","60839286"
"Vol 148.zip","5da098e0b8b5e04407482e35cb2027dedab875ce","86957684"
"Vol 149.zip","a4d384670630a310ece53bf42f396e3882f60af9","52787205"
"Vol 25.zip","856f25e91c82635210279a7b95fb5df74ba8f2e9","113822921"
"Vol 26 (Anniversary Edition).zip","0fbcac7661fde06223a497e38b09d3a0308c3c0b","437108935"
"Vol 28.zip","a41cb4268f4985577019535f122ea0cc06e481e3","120565119"
"Vol 29.zip","f4cd56d201f546617d5fb1583161ea9adfe0e522","171048422"
"Vol 30.zip","26e5109bb70035d5033ba602e3ce116159e09b6b","167104134"
"Vol 31.zip","30ade5502cedc7e8155544bfb897317f46e2a31d","84096910"
"Vol 33.zip","2dafe42b74cd1c0008aea2cc675638038184b2b6","100702619"
"Vol 34.zip","73bc7e72dc66cff5247c31a41cad78d94e556a85","72782283"
"Vol 35.zip","abb9a594570bc5237363294646d5673894f9e5a1","111114116"
"Vol 36.zip","43c9bf55a20af5ee52a776e6358e1a5ec488c0cb","97594627"
"Vol 37.zip","4a00b7fdbbed2aad90ce8f5cb5e491f72e10b3d7","71651106"
"Vol 38.zip","3437e43431431630e639f81a09bd5dc893db0ef9","72190098"
"Vol 39.zip","78a6ac553d7dc41f14b86d9e9fce5574a33d6541","84381781"
"Vol 40.zip","a51db03e3b5b98bb94509461a490ec71a7f8ccb4","162981208"
"Vol 41.zip","8816d8fdecf113552e21d60201d50be6ae1eb7b4","125064690"
"Vol 43.zip","dd83060525b35cca0f02d85ba69998b6a2cf157a","202019357"
"Vol 44.zip","b500448239b5f538cfa605089b62d65f961604a0","93758363"
"Vol 45.zip","d3031cbc5463d278e3e2d5990d99dbf0c1502218","318097037"
"Vol 46.zip","e614e4db544e7d8307b4c8510745d0da38c097bf","821235947"
"Vol 47.zip","6bb754a4f16d4ad6ae44cf930b939212fbf4f14b","141093350"
"Vol 49.zip","a188823cd551499c4ea698cec8f08c8eef074673","117430814"
"Vol 50.zip","cfed46511307f1577b8b77476e4885c0d6971e6e","87875107"
"Vol 52.zip","e746715c2d0df4847d8307ca6f884653fb7a3203","89120888"
"Vol 53.zip","3638c067a312545f724d31b0e8bdc3ae15ca3ce9","95612145"
"Vol 54.zip","9f0216977bb92cb4afeb96733772dc2e0bb29f31","135575913"
"Vol 55.zip","43247e5aafadbdea6bb9986b45cdb5b9e5ce405c","78704637"
"Vol 56.zip","eded20b9f1dde86aa81e377b3bab662d8d14538e","74254532"
"Vol 59.zip","de755b5abfb19832c4ecf2b08d01d21a004b1a2d","80456689"
"Vol 60.zip","a1a89f91b981d4efd9d7b5c2fa570fbc857c3304","89606728"
"Vol 61.zip","9fe9f56d2326466d9d39caccf84f77d023459f91","69003642"
"Vol 62.zip","302e70880bee64c7d2f96f144183950ace675078","72013890"
"Vol 63.zip","668b6f8906d91b7029dce7e1ac79f739325c85c3","51537143"
"Vol 64.zip","43fb65fc4a3845304662a35b9fe6923c1c7ff354","59284301"
"Vol 65.zip","86b456116df9b487bd479e4b8c89e36fb0e38edc","60067605"
"Vol 66.zip","07214747a6b2ced088f81a1ac7f7353d63b7e27f","94566894"
"Vol 74 (Damaged).zip","e6a93131eb2c4e69671ec584f96d51059fd528ac","21366714"
"Vol 75 (Damaged).zip","ba21deaceb7072526e88a0ca84f674d16bfc6ec5","82693282"
"Vol 76.zip","71099db7b7acc7caf8366717dd091c32bccc263e","73585289"
"Vol 78.zip","087c3844117d634ab575c813c19682b3de914eec","55611215"
"Vol 83.zip","5bc17f32ecdcf954c4e2441f37e25a3d4c41001a","30943119"
"Vol 86.zip","f1c3c9014897af9b899fe2180da779e76fccec6d","51482975"
"Vol 89.zip","c27288195867384b75e15224643277e330056577","63288277"
"Vol 93.zip","57042bb81a142b29a7b9f888b59971eb73d66075","56072736"
"Vol 99.zip","cf7629a8fff2c2fa73814fde2de84b87d6c4f5cc","39772748"
"Vol A-12.zip","aec7f3c85d881afbb6bd96123ec89b76073c07ec","353327418"
"Vol A-4.zip","6f877ac16ab0a63b8a5cb453126d2bd0db972f83","51538047"
"Vol B-12.zip","84eac0b07e31fa9add7e0039dfc31ac8ec98372f","221639925"
"Vol C-12.zip","8da119bbf5e4a9c60e1818b57ca43d81f736e853","53612507"
"Vol C-14.zip","8bde36ac9a684c4f89052355ecc6fc97345230e0","58973416"
"Vol E-12.zip","c80b06a7b6ec198eb4ac3b29247f3f9262edfa41","178207180"
"Vol E-14.zip","1f84a62e7f9322d808c0a7f4deee5efc13d69671","93225593"
"Vol F-12.zip","2faf47dbf828f88ce52d0f61795e1c425ddb5496","189617580"
"Vol G-12.zip","439c0347eceb60fd294b28b45f91c00b44d1ce41","477363133"
"Vol K-12.zip","e609d3f67643423f6a0ee1dee2b8a58861acd737","129896544"
"Vol K-14.zip","aacf49e12bd1edd662c78424d3c0b54cc02fdf62","126332972"
"Vol M-12.zip","146b49c38b3c45c7f787c55500c3c2bd7642a1cd","69687048"
